<?xml version='1.0' encoding='utf-8'?>
<!DOCTYPE hibernate-configuration PUBLIC
    "-//Hibernate/Hibernate Configuration DTD 3.0//EN"
    "http://www.hibernate.org/dtd/hibernate-configuration-3.0.dtd">
<hibernate-configuration>

  <session-factory>
    <property name="connection.url">jdbc:postgresql://localhost:5432/obd</property>
    <property name="connection.dialect">org.hibernate.dialect.HSQLDialect</property>
    <property name="connection.driver_class">org.postgresql.Driver</property>
    <property name="c3p0.min_size">5</property>
    <property name="c3p0.max_size">20</property>
    <property name="c3p0.timeout">300</property>
    <property name="c3p0.max_statements">50</property>
    <property name="c3p0.idle_test_period">3000</property>
    <property name="connection.username">postgres</property>
    <property name="connection.password">postgres</property>
    <property name="show_sql">true</property>
    <property name="hbm2ddl.auto">update</property>
    <mapping class="models.Project"/>
    <mapping class="models.Task"/>
    <mapping class="models.Association"/>
    <mapping class="models.Assignment"/>
    <mapping class="models.ArtfRole"/>
    <mapping class="models.Artifact"/>
    <mapping class="models.Worker"/>
    <mapping class="models.Role"/>
  </session-factory>
</hibernate-configuration>